{
  "EN": {
    "labels": {
      "WG_Innen1": "Light,Dim",
      "WG_Innen2": "Light,Dim",
      "WG_Aussen": "Light,Dim"
    },
    "about1": "schedule+ writes log files. This can be called with:",
    "about2": "'Info' Schedules",
    "about3": "'System' Tracing",
    "about4": "-- older ",
    "about": "About schedule+",
    "add": "Add",
    "addJob1": "Add Job to `Job List`",
    "addJob": "Add Job",
    "advanceEditHelp": "This `Advanced` edit mode allows direct editing of any `Job List` row on the displayed `Job List`.{P} In the textbox 'Job' edit or enter a {i}schedule+{/i} command. Clearing the textbox will add an empty line, a free text with a leading asterik will be taken as a comment line. {P}{P}Use the button [Edit] or [Insert] to write to the `Job List`.{P}{P}For {i}schedule+{/i} command details refer also to",
    "advanceEditRow": "Advance Edit Row",
    "appname": "schedule+",
    "back": "Back",
    "beforeTime": "Before current time",
    "cancel": "Cancel",
    "change": "Change",
    "clear": "Reset",
    "close": "Close",
    "createJob": "Create and edit `Job`",
    "currentJobs": "Update Dayplan with only upcoming jobs/events",

    "dayplan": "Dayplan",
    "logfiles": "LogFiles",
    "dayList": "List of scheduled Day Jobs",
    "defineTime": "Define `ON` or `OFF` time!",
    "delete": "Delete",
    "deleteJobList": "Delete Job List (INI File)",
    "Device": "DEVICE",
    "deviceNotDefined": "`Device` not defined!",
    "dim": "Dimming",
    "docEdit": "Edit `Job List`",
    "docExamples": "Job Lists/Job Examples",
    "docFeatures": "Job Features",
    "docOverview": "Overview",
    "edit": "Edit",
    "editJobs": "`Job` Editing for ",
    "erase": "Erase",
    "errJob": "Job definition Error: No Device",
    "Friday": "Friday",
    "geodata": "Set GeoCordinates",
    "gotoMain": "Open Main Menu",
    "help": "Help",
    "iniLoading": "Select DayPlan and load.",
    "insert": "Insert",
    "jobDef": "Job Definition",
    "jobList": "Job List",
    "leavePage": "This page is asking you to confirm that you want to leave - data you have entered may not be saved.",
    "legend": "Legend",
    "logFiles": "Log Files",
    "mAbout": "About",
    "mActualDay": "Actual Day Schedule",
    "mDayplan": "Day Plan",
    "mDocu": "Documentation",
    "mError": "Error Page",
    "mLanguage": "Language",
    "Monday": "Monday",
    "mOverview": "Overview",
    "mWeekplan": "Week Plan",
    "noState": "ERROR: job has to be: on/off/set",
    "notFound": "not found! (Check access rights!)",
    "off": "OFF",
    "OFF": "OFF",
    "offoffset": "OFF Offset",
    "offtime": "OFF Time",
    "onoffset": "ON Offset",
    "on": "ON",
    "ON": "ON",
    "ontime": "ON Time",
    "random": "random",
    "ready": "Ready",
    "refresh": "Refresh",
    "removeJob": "Remove Job",
    "replace": "Replace",
    "reset": "Reset",
    "Saturday": "Saturday",
    "saveJobList": "Save Job Liste to Day Schedule INI File",
    "save": "Save",
    "load": "Load new",
    "schedule": "Day Schedule",
    "scheduleFile": "Job List File",
    "selectedDay": "selected Day",
    "select": "Select",
    "set": "SET",
    "shiftDown": "Shift down the selected `Job`",
    "shiftUp": "Shift up the selected `Job`",
    "Sunday": "Sunday",
    "Sunrise": "Sunrise",
    "Sunset": "Sunset",
    "Suntimes": "Sunrise/set",
    "tDayplan": "Day Schedule",
    "Thursday": "Thursday",
    "timespan": "Time span",
    "Time": "Time",
    "Today": "Today",
    "tOverview": "Overview",
    "Tuesday": "Tuesday",
    "tWeekplan": "Week Plan",
    "unknownString": "unknown string",
    "unsavedStuff": "You have unsaved stuff. Save before leaving the page?",
    "Wednesday": "Wednesday",
    "weekdaySchedules": "Weekday Schedules",
    "weekday": "Weekday",
    "pauseDayPlan": "Pause Dayplan",
    "openMainMenu": "Open Main Menue",
    "editDayPlan": "Edit Day Plan",

        "xaddNewJob": "Add a new job.",
        "xchangeRow": "Change the activated row.",
        "xcreateSchedule": "Create/Add/Delete `Jobs` for `Job List`",
        "xdateTime": "Date / actual time",

        "xdaySchedule": "Day Schedule",
        "xdetailsWeekPlan": "Show details about 'Week Plan'",
        "xdeviceNotSelected": "No device selected!",
        "xeditJob1": "Edit `Job`",
        "xeditJobandList": "Edit selected `Job` of Job List",
        "xeditJobHelp": "`Edit Job List/Jobs` Help/Docu",
        "xeditJob": "Job Definition",
        "xeditJobList": "Job List create and edit",
        "xeditJobRow": "Edit/Add a `Job List` row",
        "xeditSchedule": "Edit Job List",
        "xeditTitle": "Edit `Jobs` List",
        "xexJob": "Execute Job",
        "xhelpDocu": "Help/Docu",
        "xhelpJob": "Edit Job List/Jobs",
        "xiniLoading": "Select Day Plan and load",
        "xinsertRow": "Insert before the activated row.",
        "xjobLists": "Job Lists",
        "xmTimelinePlan": "Timeline Plan",
        "xmTimelineSchedule": "Timeline Schedule",
        "xnewSchedule": "New Job List",
        "xnoconfigFile": "No configure file or missing access rights!",
        "xopenHelpDoc": "Open Help Doc on separate page.",
        "xprefJobs1": "`Actual Day Schedule` and Preferences",
        "xprefJobs2": "Edit Job List File",
        "xprefJobs": "Actual Day Schedule",
        "xprefsFile": "schedule+ `prefs` file",
        "xrefreshText": "Show Schedule List with only upcoming events",
        "xreload": "Reload",
        "xscheduleList": "Schedule Listing",
        "xselectDay": "Select a day",
        "xselectEdit": "Select a `Job List` for Edit",
        "xselectedJob": "Selected Job",
        "XselectJobRow": "First select a `Job` on `Job List` for Edit / Delete!",
        "XselectRow1": "new `Job` will be inserted before that row!",
        "XselectRow": "Select a row on `Job List`",
        "XsetSchedule": "Set the selected Schedule",
        "xset": "Set",
        "xSetTime": "Set",
        "xshowJobDetails": "Show details for 'Day Schedule'",
        "xshowJobsTL": "Show Jobs on Timeline",
        "xterminated": "Terminated!",
        "xterminate": "Terminate schedule+",
        "xtimelineEditHelp": "This edit mode allows direct editing of the selected `Job`.{P} In the textbox 'Job' edit or enter a {i}schedule+{/i} command. {P}Use [Edit] to write the `Job` back or use [Insert] to add a new one.{P}[Delete] will remove the selected `Job` from the Timeline.{P}{P}For {i}schedule+{/i} command details refer also to ",
        "xtoggleHelp": "Toggle for the Help details.",
        "xweekScheduleHelp": "Select a 'Day Schedule' for the calling weekday and use it on the list with [Set]. Selecting '--' will remove a previous chosen day schedule for the day. {P} [Cancel] will not alter the list."


  },
  "DE": {
    "labels": {
      "WG_Innen1": "Hell,Dimmen",
      "WG_Innen2": "Hell,Dimmen",
      "WG_Aussen": "Hell,Dimmen"
    },
    "about1": "schedule+ schreibt log Dateien. Diese lassen sich aufrufen mit:",
    "about2": "'Info' Schaltvorgänge",
    "about3": "'System' Meldungen",
    "about4": " -- ältere ",
    "about": "Über schedule+",
    "add": "Hinzufügen",
    "addJob1": "Job zur `Job Liste` hinzufügen",
    "addJob": "Neuer Job",
    "advanceEditHelp": "Dieses `Advanced` Editieren erlaubt ein direktes Bearbeiten der Zeilen in der `Job List`. {P} In die Textbox 'Job' wird direkt der erforderliche {i}schedule+{/i} Befehl eingegeben oder bearbeitet. Eine leere/gelöschte Eingabe in der Textbox fügt eine eine leere Zeile in die `Job Liste` ein, Text beginnend mit einen Stern (*) wird als Kommentarzeile behandelt. {P}{P}Die Schaltflächen [Einfügen] und [Bearbeiten] schreiben die Zeile in die `Job Liste`.{P}{P}Details zu den {i}schedule+{/i} Befehlen siehe auch",
    "advanceEditRow": "Zeile editieren ",
    "appname": "schedule+",
    "back": "Zurück",
    "beforeTime": "Vor der aktuellen Zeit",
    "cancel": "Abbrechen",
    "change": "Ändern",
    "clear": "Zurücksetzen",
    "close": "Schließen",
    "createJob": "`Job` erstellen und ausführen",
    "currentJobs": "Tagesplan mit nur anstehenden Ereignissen aktualisieren",
    "dayplan": "Tagesplan",
    "logfiles": "Log Dateien",
    "dayList": "Liste der ausgeführten Jobs",
    "defineTime": "Zeit für `EIN` oder `AUS` definieren!",
    "deleteJobList": "Diesen Tagesplan (INI Datei) entfernen",
    "delete": "Löschen",
    "Device": "GERÄT",
    "deviceNotDefined": "`Gerät` nicht definiert!",
    "dim": "Dimmen",
    "docEdit": "`Job Liste` bearbeiten",
    "docExamples": "Job Listen/Job Beispiele",
    "docFeatures": "Job Eigenschaften",
    "docOverview": "Overview",
    "edit": "Bearbeiten",
    "editJobs": "`Job` Bearbeiten für ",
    "erase": "Löschen",
    "errJob": "Fehler Job Definition: Kein Gerät",
    "Friday": "Freitag",
    "geodata": "GeoCordinaten setzen",
    "gotoMain": "Haupt Menü öffnen",
    "help": "Hilfe",
    "insert": "Einfügen",
    "iniLoading": "Tagesplan auswählen und laden",

    "jobDef": "Job Definition",
    "jobList": "Tagesplan",
    "leavePage": "Diese Seite verlangt eine Bestätigung zum Verlassen -- eingegebene Daten können nicht gesichert sein!",
    "legend": "Legende",
    "logFiles": "Log Dateien",
    "mAbout": "Über",
    "mActualDay": "Aktueller Tagesplan",
    "mDayplan": "Tagesplan bearbeiten",
    "mDocu": "Dokumentation",
    "mError": "Fehler Seite",
    "mLanguage": "Sprache",
    "Monday": "Montag",
    "mOverview": "Übersicht",
    "mWeekplan": "Wochenplan",
    "noState": "Fehler: job erwartet als: on/off/set",
    "notFound": "nicht gefunden! (Zugriffsrechte richtig?)",
    "off": "AUS",
    "OFF": "AUS",
    "offoffset": "AUS Offset",
    "offtime": "AUS Zeit",
    "on": "AN",
    "ON": "EIN",
    "onoffset": "EIN Offset",
    "ontime": "EIN Zeit",
    "random": "zufällig",
    "ready": "Weiter",
    "refresh": "Aktualisieren",
    "removeJob": "Job Entfernen",
    "replace": "Ersetzen",
    "reset": "Löschen",
    "reset": "Zurücksetzen",
    "Saturday": "Samstag",
    "saveJobList": "Speichere diesen `Tagesplan` als INI Datei",
    "save": "Speichern",
    "load": "Neu Laden",
    "scheduleFile": "Job Liste",
    "schedule": "Tagesplan",
    "select": "Auswählen",
    "selectedDay": "Gewählter Tag",
    "set": "SET",
    "shiftDown": "Job nach unten verschieben",
    "shiftUp": "Job nach oben verschieben",
    "Sunday": "Sonntag",
    "Sunrise": "Sonnenaufgang",
    "Sunset": "Sonnenuntergang",
    "Suntimes": "Sonnenauf-/untergang",
    "tDayplan": "Tagesplan",
    "Thursday": "Donnerstag",
    "timespan": "Zeitspanne",
    "Time": "Zeit",
    "Today": "Heute",
    "tOverview": "Übersicht",
    "tTimeline": "Timeline",
    "Tuesday": "Dienstag",
    "tWeekplan": "Wochenplan",
    "unknownString": "Unbekannte Eingabe",
    "unsavedStuff": "Es gibt ungesicherte Eingaben. Soll vor verlassen der Seite gespeichert werden?",
    "Wednesday": "Mittwoch",
    "weekdaySchedules": "Tagespläne der Wochentage",
    "weekday": "Wochentag",
    "pauseDayPlan": "Tagesplan pausieren",
    "openMainMenu": "Haupt Menü öffnen",
    "editDayPlan": "Tagesplan bearbeiten",

        "xaddNewJob": "Neuen Job hinzufügen.",
        "xchangeRow": "Aktive Zeile ändern",
        "xcreateSchedule": "`Jobs` für `Job Liste` erstellen",
        "xdateTime": "Datum / aktuelle Zeit",
        "xdaySchedule": "Tagesplan",
        "xdetailsWeekPlan": "Details des 'Wochenplans' anzeigen",
        "xdeviceNotSelected": "Kein `Gerät` ausgewählt!",
        "xeditJob1": "Edit `Job`",
        "xeditJobandList": "Gewählten Job des `Tagesplans` bearbeiten.",
        "xeditJobHelp": "Hilfe/Doku zum Editieren `Job Liste/Jobs`",
        "xeditJob": "Job Definition definieren",
        "xeditJobList": "Job für Tagesplan erstellen / bearbeiten",
        "xeditJobRow": "`Tagesplan` Zeile ändern/hinzufügen",
        "xeditSchedule": "Job Liste editieren",
        "xeditTitle": "`Job Liste` editieren",
        "xexJob": "`Job` ausführen",
        "xhelpDocu": "Help/Doku",
        "xhelpJob": "Job Liste / Jobs editieren",
        "xiniLoading": "Select Day Plan and load",
        "xinsertRow": "Vor der aktiven Zeile einfügen",
        "xjobLists": "Tagespläne",
        "xmTimelinePlan": "Timeline Plan",
        "xmTimelineSchedule": "Timeline Schedule",
        "xnewSchedule": "Neue Job Liste",
        "xnoconfigFile": "Keine `configure` Datei oder falsche Zugriffsrechte!",
        "xopenHelpDoc": "Hilfe Dokument auf neuer Seite öffnen.",
        "xprefJobs1": "`Aktueller Tagesplan` und Präferenzen",
        "xprefJobs2": "Editieren der `Job Liste`",
        "xprefJobs": "Aktueller Tagesplan",
        "xprefsFile": "schedule+ `prefs` Datei",
        "xrefreshText": "Zeige `Tagesplan` mit anstehenden Ereignissen",
        "xreload": "Aktualisieren",
        "xscheduleList": "Tagesplan Liste",
        "xselectDay": "Tag wählen",
        "xselectEdit": "Einen `Tagesplan` zur Bearbeitung  wählen",
        "xselectedJob": "Gewählter Job",
        "XselectJobRow": "Zum Editieren/Löschen zunächst einen `Job` auf dem `Tagesplanes` wählen",
        "XselectRow1": "Neuer `Job` wird vor dieser Zeile eingefügt!",
        "XselectRow": "`Job` des `Tagesplanes` auswählen",
        "XselectTitle": "`Tagesplan` für den Tag wählen",
        "XsetSchedule": "Gewählte Job Einstellungen übernehmen.",
        "xSetTime": "Setzen",
        "xset": "Übernehmen",
        "xshowJobDetails": "Zeige Details des 'Tagesplanes'",
        "xshowJobsTL": "Zeige Jobs als Timeline",
        "xterminated": "Abbruch!",
        "xterminate": "schedule+ beenden!",
        "xtimelineEditHelp": "Dieses Editieren gestattet den ausgewählten `Job` direkt zu bearbeiten.{P} In dem Textfeld wird der `JOB` direkt geändert, oder ein {i}schedule+{/i} Kommando eingegeben.{P}Mit [Ändern] wird der `Job` direkt in der Darstellung angezeigt, mit [Einfügen] wird ein neuer `Job` angelegt. {P}[Löschen] entfernt den ausgewählten `Job` aus der Timeline Darstellung.{P}{P}{i}schedule+{/i} Kommando Syntax, siehe auch ",
        "xtoggleHelp": "Umschalten für Hilfe Details.",
        "xweekScheduleHelp": "Für den Wochentag wird hier ein `Tagesplan` ausgewählt und mit [Setzen] in die Liste übergeben. Die Auswahl '--' entfernt einen vorher ausgewählten Tagesplan. {P} [Abbrechen] lässt die Liste unverändert."
  }
}
