{
  "baseIP": "192.168.178.",
  "dayPlanActive": "true",
  "iniFile": "aussen.ini",
  "ipfirst": 50,
  "iplast": 63,
  "jPrefs": "data/jPrefs.json",
  "latitude": "51.3114",
  "locale": "DE",
  "location": "XXJacob und Wilhelm Grimm, Wilhelmsh\u00f6her Allee, Mitte, Kassel, Hesse, 34117, Germany",
  "location1": "Kassel/Mitte",
  "logInfoName": "logs/Info.log",
  "logSysName": "logs/System.log",
  "logging": "log",
  "longitude": " 9.49036",
  "news": "https://neandr.github.io/piSchedule/newsplus.txt",
  "newsDate": "",
  "piDocs": "https://neandr.github.io/piSchedule/",
  "platform": "raspi2 -- Linux-5.4.51-v7+-armv7l-with-debian-10.4",
  "port": 5004,
  "routerIP": "192.168.178.1",
  "routerName": "fritz.box",
  "server": "192.168.178.72",
  "status": 200,
  "sunrise": "05:07:02",
  "sunset": "21:42:22",
  "switchTime": 0,
  "vDate": "2022-04-25",
  "version": "0.8.6",
  "weekSchedule": {
    "Friday": "--",
    "Monday": "--",
    "Saturday": "--",
    "Sunday": "--",
    "Thursday": "--",
    "Tuesday": "aussen.ini",
    "Wednesday": "--"
  }
}
